Approach,Justification Category,Supporting Evidence,Research Gap Addressed,Expected Improvement
Vision Transformers (ViT),Performance Superiority,ViT-DualAtt achieved 97.2% accuracy vs 94.5% for RepVGG-SimAM (SOTA CNN),Most NSFW detection still relies on traditional CNN architectures,2-5% accuracy improvement over best CNN models
Vision Transformers (ViT),Global Context Understanding,Self-attention mechanism captures long-range dependencies better than CNN receptive fields,Current methods fail to understand global image context effectively,Better handling of complex scenes and contextual information
Vision Transformers (ViT),Transfer Learning Efficiency,ViT models show superior transfer learning from ImageNet to specialized domains,Limited exploration of transformer architectures for content moderation,Faster convergence and better generalization to new datasets
Vision Transformers (ViT),Attention Mechanism Advantage,Multi-head attention identifies subtle patterns that CNNs miss in complex images,Existing methods struggle with subtle or context-dependent inappropriate content,Improved detection of subtle inappropriate content
Object Detection (YOLO),Localization Capability,YOLO can detect and localize specific body parts (accuracy: 72.6% precision for 5 classes),Classification-only approaches cannot localize problematic regions,Ability to identify and mask specific inappropriate regions
Object Detection (YOLO),Real-time Processing,"YOLO processes images in single pass, enabling real-time content moderation",Need for real-time deployment in production systems,Sub-second inference time suitable for real-world deployment
Object Detection (YOLO),Multi-object Detection,Can simultaneously detect multiple sensitive objects in a single image,Current systems often miss multiple instances of inappropriate content,Higher recall for images with multiple instances of sensitive content
Object Detection (YOLO),Fine-grained Analysis,Provides bounding boxes for precise identification of problematic regions,Lack of interpretability in existing black-box NSFW classifiers,Enhanced interpretability through attention visualization
Transfer Learning,Reduced Training Time,Pre-trained models reduce training time by 60-80% compared to training from scratch,Most research focuses on single architecture rather than comparative studies,50-80% reduction in training time and computational resources
Transfer Learning,Domain Adaptation,Transfer learning shows 4.3% improvement over training domain-specific models,Limited exploration of cross-domain transfer for NSFW detection,Better performance on diverse datasets without retraining
Hybrid CNN-ViT,Best of Both Worlds,CNN-Transformer hierarchy combines local feature extraction with global understanding,Few studies combine the strengths of different architectural paradigms,Optimal balance between accuracy and computational efficiency
Hybrid CNN-ViT,Computational Efficiency,Hybrid models balance accuracy gains with computational requirements,Need for balanced solutions that don't compromise too much on efficiency,Scalable solution suitable for both research and production
